noise_level,max_amplitude,barycenter_dist,above-thld_pixels,above-thld_pixels_std,algorithm,eta,intensity,outer-inner,reg,samples,iters,epsilon,iter
0,0.0023894318896761774,[23.40806213 25.80696328],"[[14 14 14 14 15 15 15 15 15 15 15 15 15 16 16 16 16 16 16 16 16 16 16 16
  16 17 17 17 17 17 17 17 17 17 17 17 17 17 17 17 18 18 18 18 18 18 18 18
  18 18 18 18 18 18 18 18 19 19 19 19 19 19 19 19 19 19 19 19 19 19 19 19
  19 20 20 20 20 20 20 20 20 20 20 20 20 20 20 20 20 20 20 21 21 21 21 21
  21 21 21 21 21 21 21 21 21 21 21 21 21 21 22 22 22 22 22 22 22 22 22 22
  22 22 22 22 22 22 22 22 22 23 23 23 23 23 23 23 23 23 23 23 23 23 23 23
  23 23 23 23 24 24 24 24 24 24 24 24 24 24 24 24 24 24 24 24 24 24 24 25
  25 25 25 25 25 25 25 25 25 25 25 25 25 25 25 25 25 25 26 26 26 26 26 26
  26 26 26 26 26 26 26 26 26 26 26 26 26 27 27 27 27 27 27 27 27 27 27 27
  27 27 27 27 27 27 27 28 28 28 28 28 28 28 28 28 28 28 28 28 28 28 28 28
  29 29 29 29 29 29 29 29 29 29 29 29 29 29 29 29 30 30 30 30 30 30 30 30
  30 30 30 30 30 30 31 31 31 31 31 31 31 31 31 31 31 31 32 32 32 32 32 32
  32 32 32 33 33]
 [24 25 26 27 22 23 24 25 26 27 28 29 30 20 21 22 23 24 25 26 27 28 29 30
  31 19 20 21 22 23 24 25 26 27 28 29 30 31 32 33 18 19 20 21 22 23 24 25
  26 27 28 29 30 31 32 33 18 19 20 21 22 23 24 25 26 27 28 29 30 31 32 33
  34 17 18 19 20 21 22 23 24 25 26 27 28 29 30 31 32 33 34 17 18 19 20 21
  22 23 24 25 26 27 28 29 30 31 32 33 34 35 17 18 19 20 21 22 23 24 25 26
  27 28 29 30 31 32 33 34 35 17 18 19 20 21 22 23 24 25 26 27 28 29 30 31
  32 33 34 35 17 18 19 20 21 22 23 24 25 26 27 28 29 30 31 32 33 34 35 17
  18 19 20 21 22 23 24 25 26 27 28 29 30 31 32 33 34 35 17 18 19 20 21 22
  23 24 25 26 27 28 29 30 31 32 33 34 35 17 18 19 20 21 22 23 24 25 26 27
  28 29 30 31 32 33 34 18 19 20 21 22 23 24 25 26 27 28 29 30 31 32 33 34
  18 19 20 21 22 23 24 25 26 27 28 29 30 31 32 33 19 20 21 22 23 24 25 26
  27 28 29 30 31 32 20 21 22 23 24 25 26 27 28 29 30 31 22 23 24 25 26 27
  28 29 30 25 26]]","[[58.50226798]
 [58.40075739]]",Tlp,0.1,minmax,10-100,0.05,5.0,,,
0,0.0005934791649455311,[23.64003493 25.50309485],"[[ 0  0  0 ... 49 49 49]
 [15 16 17 ... 28 29 30]]","[[412.63917378]
 [411.28990546]]",Tlp,0.001,minmax,10-100,0.4,5.0,,,
0,0.0005934791649455311,[23.64003493 25.50309485],"[[ 0  0  0 ... 49 49 49]
 [15 16 17 ... 28 29 30]]","[[412.63917378]
 [411.28990546]]",Tlp,0.001,zeroone,10-100,0.4,5.0,,,
0,0.0005934793411867979,[23.64003487 25.50309493],"[[ 0  0  0 ... 49 49 49]
 [15 16 17 ... 28 29 30]]","[[412.63917378]
 [411.28990546]]",Tlp,0.05,minmax,10-100,0.4,5.0,,,
0,0.0005934793411867979,[23.64003487 25.50309493],"[[ 0  0  0 ... 49 49 49]
 [15 16 17 ... 28 29 30]]","[[412.63917378]
 [411.28990546]]",Tlp,0.05,zeroone,10-100,0.4,5.0,,,
0,0.0005934795210248651,[23.64003481 25.503095  ],"[[ 0  0  0 ... 49 49 49]
 [15 16 17 ... 28 29 30]]","[[412.63917378]
 [411.28990546]]",Tlp,0.1,minmax,10-100,0.4,5.0,,,
0,0.0005934795210248651,[23.64003481 25.503095  ],"[[ 0  0  0 ... 49 49 49]
 [15 16 17 ... 28 29 30]]","[[412.63917378]
 [411.28990546]]",Tlp,0.1,zeroone,10-100,0.4,5.0,,,
0,0.0005934816791187887,[23.64003405 25.50309593],"[[ 0  0  0 ... 49 49 49]
 [15 16 17 ... 28 29 30]]","[[412.63917378]
 [411.28990546]]",Tlp,0.7,minmax,10-100,0.4,5.0,,,
0,0.0005934816791187887,[23.64003405 25.50309593],"[[ 0  0  0 ... 49 49 49]
 [15 16 17 ... 28 29 30]]","[[412.63917378]
 [411.28990546]]",Tlp,0.7,zeroone,10-100,0.4,5.0,,,
0,0.0004986891185564461,[24.25047223 24.79165715],"[[ 0  0  0 ... 49 49 49]
 [ 0  1  2 ... 47 48 49]]","[[509.34769312]
 [509.34769312]]",Tlp,0.001,minmax,10-100,0.75,5.0,,,
0,0.0004986891185564461,[24.25047223 24.79165715],"[[ 0  0  0 ... 49 49 49]
 [ 0  1  2 ... 47 48 49]]","[[509.34769312]
 [509.34769312]]",Tlp,0.001,zeroone,10-100,0.75,5.0,,,
0,0.0004986891616080162,[24.25047216 24.79165723],"[[ 0  0  0 ... 49 49 49]
 [ 0  1  2 ... 47 48 49]]","[[509.34769312]
 [509.34769312]]",Tlp,0.05,minmax,10-100,0.75,5.0,,,
0,0.0004986891616080162,[24.25047216 24.79165723],"[[ 0  0  0 ... 49 49 49]
 [ 0  1  2 ... 47 48 49]]","[[509.34769312]
 [509.34769312]]",Tlp,0.05,zeroone,10-100,0.75,5.0,,,
0,0.0004986892055381957,[24.25047209 24.79165732],"[[ 0  0  0 ... 49 49 49]
 [ 0  1  2 ... 47 48 49]]","[[509.34769312]
 [509.34769312]]",Tlp,0.1,minmax,10-100,0.75,5.0,,,
0,0.0004986892055381957,[24.25047209 24.79165732],"[[ 0  0  0 ... 49 49 49]
 [ 0  1  2 ... 47 48 49]]","[[509.34769312]
 [509.34769312]]",Tlp,0.1,zeroone,10-100,0.75,5.0,,,
0,0.0004986897327044318,[24.25047122 24.79165836],"[[ 0  0  0 ... 49 49 49]
 [ 0  1  2 ... 47 48 49]]","[[509.34769312]
 [509.34769312]]",Tlp,0.7,minmax,10-100,0.75,5.0,,,
0,0.0004986897327044318,[24.25047122 24.79165836],"[[ 0  0  0 ... 49 49 49]
 [ 0  1  2 ... 47 48 49]]","[[509.34769312]
 [509.34769312]]",Tlp,0.7,zeroone,10-100,0.75,5.0,,,
0,0.00047300563066592045,[24.32211554 24.71022453],"[[ 0  0  0 ... 49 49 49]
 [ 0  1  2 ... 47 48 49]]","[[510.2082908]
 [510.2082908]]",Tlp,0.001,minmax,10-100,1.0,5.0,,,
0,0.00047300563066592045,[24.32211554 24.71022453],"[[ 0  0  0 ... 49 49 49]
 [ 0  1  2 ... 47 48 49]]","[[510.2082908]
 [510.2082908]]",Tlp,0.001,zeroone,10-100,1.0,5.0,,,
0,0.00047300565379905713,[24.3221155  24.71022459],"[[ 0  0  0 ... 49 49 49]
 [ 0  1  2 ... 47 48 49]]","[[510.2082908]
 [510.2082908]]",Tlp,0.05,minmax,10-100,1.0,5.0,,,
0,0.00047300565379905713,[24.3221155  24.71022459],"[[ 0  0  0 ... 49 49 49]
 [ 0  1  2 ... 47 48 49]]","[[510.2082908]
 [510.2082908]]",Tlp,0.05,zeroone,10-100,1.0,5.0,,,
0,0.00047300567740430174,[24.32211545 24.71022464],"[[ 0  0  0 ... 49 49 49]
 [ 0  1  2 ... 47 48 49]]","[[510.2082908]
 [510.2082908]]",Tlp,0.1,minmax,10-100,1.0,5.0,,,
0,0.00047300567740430174,[24.32211545 24.71022464],"[[ 0  0  0 ... 49 49 49]
 [ 0  1  2 ... 47 48 49]]","[[510.2082908]
 [510.2082908]]",Tlp,0.1,zeroone,10-100,1.0,5.0,,,
0,0.0004730059606672744,[24.3221149  24.71022529],"[[ 0  0  0 ... 49 49 49]
 [ 0  1  2 ... 47 48 49]]","[[510.2082908]
 [510.2082908]]",Tlp,0.7,minmax,10-100,1.0,5.0,,,
0,0.0004730059606672744,[24.3221149  24.71022529],"[[ 0  0  0 ... 49 49 49]
 [ 0  1  2 ... 47 48 49]]","[[510.2082908]
 [510.2082908]]",Tlp,0.7,zeroone,10-100,1.0,5.0,,,
0,0.0004176650163528701,[24.45310539 24.55542086],"[[ 0  0  0 ... 49 49 49]
 [ 0  1  2 ... 47 48 49]]","[[510.2082908]
 [510.2082908]]",Tlp,0.001,minmax,10-100,4.0,5.0,,,
0,0.0004176650163528701,[24.45310539 24.55542086],"[[ 0  0  0 ... 49 49 49]
 [ 0  1  2 ... 47 48 49]]","[[510.2082908]
 [510.2082908]]",Tlp,0.001,zeroone,10-100,4.0,5.0,,,
0,0.00041766501765249937,[24.45310538 24.55542086],"[[ 0  0  0 ... 49 49 49]
 [ 0  1  2 ... 47 48 49]]","[[510.2082908]
 [510.2082908]]",Tlp,0.05,minmax,10-100,4.0,5.0,,,
0,0.00041766501765249937,[24.45310538 24.55542086],"[[ 0  0  0 ... 49 49 49]
 [ 0  1  2 ... 47 48 49]]","[[510.2082908]
 [510.2082908]]",Tlp,0.05,zeroone,10-100,4.0,5.0,,,
0,0.0004176650189786533,[24.45310538 24.55542087],"[[ 0  0  0 ... 49 49 49]
 [ 0  1  2 ... 47 48 49]]","[[510.2082908]
 [510.2082908]]",Tlp,0.1,minmax,10-100,4.0,5.0,,,
0,0.0004176650189786533,[24.45310538 24.55542087],"[[ 0  0  0 ... 49 49 49]
 [ 0  1  2 ... 47 48 49]]","[[510.2082908]
 [510.2082908]]",Tlp,0.1,zeroone,10-100,4.0,5.0,,,
0,0.0004176650348924868,[24.45310534 24.55542092],"[[ 0  0  0 ... 49 49 49]
 [ 0  1  2 ... 47 48 49]]","[[510.2082908]
 [510.2082908]]",Tlp,0.7,minmax,10-100,4.0,5.0,,,
0,0.0004176650348924868,[24.45310534 24.55542092],"[[ 0  0  0 ... 49 49 49]
 [ 0  1  2 ... 47 48 49]]","[[510.2082908]
 [510.2082908]]",Tlp,0.7,zeroone,10-100,4.0,5.0,,,
0.1,0.001442471123833825,[23.4208051  25.81730645],"[[13 13 13 13 13 13 13 14 14 14 14 14 14 14 14 14 14 14 15 15 15 15 15 15
  15 15 15 15 15 15 15 16 16 16 16 16 16 16 16 16 16 16 16 16 16 16 16 16
  17 17 17 17 17 17 17 17 17 17 17 17 17 17 17 17 17 18 18 18 18 18 18 18
  18 18 18 18 18 18 18 18 18 18 18 18 19 19 19 19 19 19 19 19 19 19 19 19
  19 19 19 19 19 19 19 19 20 20 20 20 20 20 20 20 20 20 20 20 20 20 20 20
  20 20 20 20 20 21 21 21 21 21 21 21 21 21 21 21 21 21 21 21 21 21 21 21
  21 21 22 22 22 22 22 22 22 22 22 22 22 22 22 22 22 22 22 22 22 22 22 23
  23 23 23 23 23 23 23 23 23 23 23 23 23 23 23 23 23 23 23 23 23 24 24 24
  24 24 24 24 24 24 24 24 24 24 24 24 24 24 24 24 24 24 24 25 25 25 25 25
  25 25 25 25 25 25 25 25 25 25 25 25 25 25 25 25 25 26 26 26 26 26 26 26
  26 26 26 26 26 26 26 26 26 26 26 26 26 26 27 27 27 27 27 27 27 27 27 27
  27 27 27 27 27 27 27 27 27 27 27 28 28 28 28 28 28 28 28 28 28 28 28 28
  28 28 28 28 28 28 28 29 29 29 29 29 29 29 29 29 29 29 29 29 29 29 29 29
  29 29 30 30 30 30 30 30 30 30 30 30 30 30 30 30 30 30 30 31 31 31 31 31
  31 31 31 31 31 31 31 31 31 31 31 32 32 32 32 32 32 32 32 32 32 32 32 32
  32 33 33 33 33 33 33 33 33 33 33 34 34 34 34 34]
 [23 24 25 26 27 28 29 21 22 23 24 25 26 27 28 29 30 31 20 21 22 23 24 25
  26 27 28 29 30 31 32 18 19 20 21 22 23 24 25 26 27 28 29 30 31 32 33 34
  18 19 20 21 22 23 24 25 26 27 28 29 30 31 32 33 34 17 18 19 20 21 22 23
  24 25 26 27 28 29 30 31 32 33 34 35 16 17 18 19 20 21 22 23 24 25 26 27
  28 29 30 31 32 33 34 35 16 17 18 19 20 21 22 23 24 25 26 27 28 29 30 31
  32 33 34 35 36 16 17 18 19 20 21 22 23 24 25 26 27 28 29 30 31 32 33 34
  35 36 16 17 18 19 20 21 22 23 24 25 26 27 28 29 30 31 32 33 34 35 36 15
  16 17 18 19 20 21 22 23 24 25 26 27 28 29 30 31 32 33 34 35 36 15 16 17
  18 19 20 21 22 23 24 25 26 27 28 29 30 31 32 33 34 35 36 15 16 17 18 19
  20 21 22 23 24 25 26 27 28 29 30 31 32 33 34 35 36 16 17 18 19 20 21 22
  23 24 25 26 27 28 29 30 31 32 33 34 35 36 16 17 18 19 20 21 22 23 24 25
  26 27 28 29 30 31 32 33 34 35 36 16 17 18 19 20 21 22 23 24 25 26 27 28
  29 30 31 32 33 34 35 17 18 19 20 21 22 23 24 25 26 27 28 29 30 31 32 33
  34 35 18 19 20 21 22 23 24 25 26 27 28 29 30 31 32 33 34 18 19 20 21 22
  23 24 25 26 27 28 29 30 31 32 33 19 20 21 22 23 24 25 26 27 28 29 30 31
  32 21 22 23 24 25 26 27 28 29 30 24 25 26 27 28]]","[[75.17950151]
 [74.84259191]]",Tlp,0.1,minmax,10-100,0.05,5.0,,,
0.1,0.0005537993167999796,[24.12969248 25.01399501],"[[ 0  0  0 ... 49 49 49]
 [10 11 12 ... 37 38 39]]","[[464.48943329]
 [464.34956578]]",Tlp,0.001,minmax,10-100,0.4,5.0,,,
0.1,0.0005537993167999796,[24.12969248 25.01399501],"[[ 0  0  0 ... 49 49 49]
 [10 11 12 ... 37 38 39]]","[[464.48943329]
 [464.34956578]]",Tlp,0.001,zeroone,10-100,0.4,5.0,,,
0.1,0.0005537993728849447,[24.12969245 25.01399505],"[[ 0  0  0 ... 49 49 49]
 [10 11 12 ... 37 38 39]]","[[464.48943329]
 [464.34956578]]",Tlp,0.05,minmax,10-100,0.4,5.0,,,
0.1,0.0005537993728849447,[24.12969245 25.01399505],"[[ 0  0  0 ... 49 49 49]
 [10 11 12 ... 37 38 39]]","[[464.48943329]
 [464.34956578]]",Tlp,0.05,zeroone,10-100,0.4,5.0,,,
0.1,0.0005537994301145082,[24.12969243 25.01399509],"[[ 0  0  0 ... 49 49 49]
 [10 11 12 ... 37 38 39]]","[[464.48943329]
 [464.34956578]]",Tlp,0.1,minmax,10-100,0.4,5.0,,,
0.1,0.0005537994301145082,[24.12969243 25.01399509],"[[ 0  0  0 ... 49 49 49]
 [10 11 12 ... 37 38 39]]","[[464.48943329]
 [464.34956578]]",Tlp,0.1,zeroone,10-100,0.4,5.0,,,
0.1,0.0005538001165675115,[24.12969212 25.01399554],"[[ 0  0  0 ... 49 49 49]
 [10 11 12 ... 37 38 39]]","[[464.48943329]
 [464.34956578]]",Tlp,0.7,minmax,10-100,0.4,5.0,,,
0.1,0.0005538001165675115,[24.12969212 25.01399554],"[[ 0  0  0 ... 49 49 49]
 [10 11 12 ... 37 38 39]]","[[464.48943329]
 [464.34956578]]",Tlp,0.7,zeroone,10-100,0.4,5.0,,,
0.1,0.00048714706432484846,[24.37795751 24.67611143],"[[ 0  0  0 ... 49 49 49]
 [ 0  1  2 ... 47 48 49]]","[[510.2082908]
 [510.2082908]]",Tlp,0.001,minmax,10-100,0.75,5.0,,,
0.1,0.00048714706432484846,[24.37795751 24.67611143],"[[ 0  0  0 ... 49 49 49]
 [ 0  1  2 ... 47 48 49]]","[[510.2082908]
 [510.2082908]]",Tlp,0.001,zeroone,10-100,0.75,5.0,,,
0.1,0.0004871470796686556,[24.37795749 24.67611145],"[[ 0  0  0 ... 49 49 49]
 [ 0  1  2 ... 47 48 49]]","[[510.2082908]
 [510.2082908]]",Tlp,0.05,minmax,10-100,0.75,5.0,,,
0.1,0.0004871470796686556,[24.37795749 24.67611145],"[[ 0  0  0 ... 49 49 49]
 [ 0  1  2 ... 47 48 49]]","[[510.2082908]
 [510.2082908]]",Tlp,0.05,zeroone,10-100,0.75,5.0,,,
0.1,0.00048714709532560164,[24.37795748 24.67611148],"[[ 0  0  0 ... 49 49 49]
 [ 0  1  2 ... 47 48 49]]","[[510.2082908]
 [510.2082908]]",Tlp,0.1,minmax,10-100,0.75,5.0,,,
0.1,0.00048714709532560164,[24.37795748 24.67611148],"[[ 0  0  0 ... 49 49 49]
 [ 0  1  2 ... 47 48 49]]","[[510.2082908]
 [510.2082908]]",Tlp,0.1,zeroone,10-100,0.75,5.0,,,
0.1,0.0004871472832090085,[24.37795729 24.67611175],"[[ 0  0  0 ... 49 49 49]
 [ 0  1  2 ... 47 48 49]]","[[510.2082908]
 [510.2082908]]",Tlp,0.7,minmax,10-100,0.75,5.0,,,
0.1,0.0004871472832090085,[24.37795729 24.67611175],"[[ 0  0  0 ... 49 49 49]
 [ 0  1  2 ... 47 48 49]]","[[510.2082908]
 [510.2082908]]",Tlp,0.7,zeroone,10-100,0.75,5.0,,,
0.1,0.0004664991115863415,[24.40622433 24.635574  ],"[[ 0  0  0 ... 49 49 49]
 [ 0  1  2 ... 47 48 49]]","[[510.2082908]
 [510.2082908]]",Tlp,0.001,minmax,10-100,1.0,5.0,,,
0.1,0.0004664991115863415,[24.40622433 24.635574  ],"[[ 0  0  0 ... 49 49 49]
 [ 0  1  2 ... 47 48 49]]","[[510.2082908]
 [510.2082908]]",Tlp,0.001,zeroone,10-100,1.0,5.0,,,
0.1,0.00046649912010907524,[24.40622432 24.63557401],"[[ 0  0  0 ... 49 49 49]
 [ 0  1  2 ... 47 48 49]]","[[510.2082908]
 [510.2082908]]",Tlp,0.05,minmax,10-100,1.0,5.0,,,
0.1,0.00046649912010907524,[24.40622432 24.63557401],"[[ 0  0  0 ... 49 49 49]
 [ 0  1  2 ... 47 48 49]]","[[510.2082908]
 [510.2082908]]",Tlp,0.05,zeroone,10-100,1.0,5.0,,,
0.1,0.0004664991288057421,[24.40622431 24.63557402],"[[ 0  0  0 ... 49 49 49]
 [ 0  1  2 ... 47 48 49]]","[[510.2082908]
 [510.2082908]]",Tlp,0.1,minmax,10-100,1.0,5.0,,,
0.1,0.0004664991288057421,[24.40622431 24.63557402],"[[ 0  0  0 ... 49 49 49]
 [ 0  1  2 ... 47 48 49]]","[[510.2082908]
 [510.2082908]]",Tlp,0.1,zeroone,10-100,1.0,5.0,,,
0.1,0.00046649923316576235,[24.4062242  24.63557419],"[[ 0  0  0 ... 49 49 49]
 [ 0  1  2 ... 47 48 49]]","[[510.2082908]
 [510.2082908]]",Tlp,0.7,minmax,10-100,1.0,5.0,,,
0.1,0.00046649923316576235,[24.4062242  24.63557419],"[[ 0  0  0 ... 49 49 49]
 [ 0  1  2 ... 47 48 49]]","[[510.2082908]
 [510.2082908]]",Tlp,0.7,zeroone,10-100,1.0,5.0,,,
0.1,0.0004172198238467944,[24.4752682  24.53584966],"[[ 0  0  0 ... 49 49 49]
 [ 0  1  2 ... 47 48 49]]","[[510.2082908]
 [510.2082908]]",Tlp,0.001,minmax,10-100,4.0,5.0,,,
0.1,0.0004172198238467944,[24.4752682  24.53584966],"[[ 0  0  0 ... 49 49 49]
 [ 0  1  2 ... 47 48 49]]","[[510.2082908]
 [510.2082908]]",Tlp,0.001,zeroone,10-100,4.0,5.0,,,
0.1,0.00041721982436115625,[24.4752682  24.53584966],"[[ 0  0  0 ... 49 49 49]
 [ 0  1  2 ... 47 48 49]]","[[510.2082908]
 [510.2082908]]",Tlp,0.05,minmax,10-100,4.0,5.0,,,
0.1,0.00041721982436115625,[24.4752682  24.53584966],"[[ 0  0  0 ... 49 49 49]
 [ 0  1  2 ... 47 48 49]]","[[510.2082908]
 [510.2082908]]",Tlp,0.05,zeroone,10-100,4.0,5.0,,,
0.1,0.00041721982488601424,[24.4752682  24.53584966],"[[ 0  0  0 ... 49 49 49]
 [ 0  1  2 ... 47 48 49]]","[[510.2082908]
 [510.2082908]]",Tlp,0.1,minmax,10-100,4.0,5.0,,,
0.1,0.00041721982488601424,[24.4752682  24.53584966],"[[ 0  0  0 ... 49 49 49]
 [ 0  1  2 ... 47 48 49]]","[[510.2082908]
 [510.2082908]]",Tlp,0.1,zeroone,10-100,4.0,5.0,,,
0.1,0.00041721983118431645,[24.47526819 24.53584967],"[[ 0  0  0 ... 49 49 49]
 [ 0  1  2 ... 47 48 49]]","[[510.2082908]
 [510.2082908]]",Tlp,0.7,minmax,10-100,4.0,5.0,,,
0.1,0.00041721983118431645,[24.47526819 24.53584967],"[[ 0  0  0 ... 49 49 49]
 [ 0  1  2 ... 47 48 49]]","[[510.2082908]
 [510.2082908]]",Tlp,0.7,zeroone,10-100,4.0,5.0,,,
0.2,0.0010435308897325175,[23.37295817 26.14616398],"[[11 11 11 ... 36 36 36]
 [23 24 25 ... 26 27 28]]","[[109.4591712 ]
 [114.67662043]]",Tlp,0.1,minmax,10-100,0.05,5.0,,,
0.2,0.0005391293934688271,[24.2556026  24.85626424],"[[ 0  0  0 ... 49 49 49]
 [ 8  9 10 ... 40 41 42]]","[[480.88192347]
 [480.8172986 ]]",Tlp,0.001,minmax,10-100,0.4,5.0,,,
0.2,0.0005391293934688271,[24.2556026  24.85626424],"[[ 0  0  0 ... 49 49 49]
 [ 8  9 10 ... 40 41 42]]","[[480.88192347]
 [480.8172986 ]]",Tlp,0.001,zeroone,10-100,0.4,5.0,,,
0.2,0.0005391294204331331,[24.25560259 24.85626426],"[[ 0  0  0 ... 49 49 49]
 [ 8  9 10 ... 40 41 42]]","[[480.88192347]
 [480.8172986 ]]",Tlp,0.05,minmax,10-100,0.4,5.0,,,
0.2,0.0005391294204331331,[24.25560259 24.85626426],"[[ 0  0  0 ... 49 49 49]
 [ 8  9 10 ... 40 41 42]]","[[480.88192347]
 [480.8172986 ]]",Tlp,0.05,zeroone,10-100,0.4,5.0,,,
0.2,0.000539129447947733,[24.25560257 24.85626428],"[[ 0  0  0 ... 49 49 49]
 [ 8  9 10 ... 40 41 42]]","[[480.88192347]
 [480.8172986 ]]",Tlp,0.1,minmax,10-100,0.4,5.0,,,
0.2,0.000539129447947733,[24.25560257 24.85626428],"[[ 0  0  0 ... 49 49 49]
 [ 8  9 10 ... 40 41 42]]","[[480.88192347]
 [480.8172986 ]]",Tlp,0.1,zeroone,10-100,0.4,5.0,,,
0.2,0.0005391297781231169,[24.25560243 24.85626447],"[[ 0  0  0 ... 49 49 49]
 [ 8  9 10 ... 40 41 42]]","[[480.88192347]
 [480.8172986 ]]",Tlp,0.7,minmax,10-100,0.4,5.0,,,
0.2,0.0005391297781231169,[24.25560243 24.85626447],"[[ 0  0  0 ... 49 49 49]
 [ 8  9 10 ... 40 41 42]]","[[480.88192347]
 [480.8172986 ]]",Tlp,0.7,zeroone,10-100,0.4,5.0,,,
0.2,0.0004830468441441657,[24.41253465 24.63506174],"[[ 0  0  0 ... 49 49 49]
 [ 0  1  2 ... 47 48 49]]","[[510.2082908]
 [510.2082908]]",Tlp,0.001,minmax,10-100,0.75,5.0,,,
0.2,0.0004830468441441657,[24.41253465 24.63506174],"[[ 0  0  0 ... 49 49 49]
 [ 0  1  2 ... 47 48 49]]","[[510.2082908]
 [510.2082908]]",Tlp,0.001,zeroone,10-100,0.75,5.0,,,
0.2,0.0004830468519999045,[24.41253464 24.63506175],"[[ 0  0  0 ... 49 49 49]
 [ 0  1  2 ... 47 48 49]]","[[510.2082908]
 [510.2082908]]",Tlp,0.05,minmax,10-100,0.75,5.0,,,
0.2,0.0004830468519999045,[24.41253464 24.63506175],"[[ 0  0  0 ... 49 49 49]
 [ 0  1  2 ... 47 48 49]]","[[510.2082908]
 [510.2082908]]",Tlp,0.05,zeroone,10-100,0.75,5.0,,,
0.2,0.00048304686001596556,[24.41253463 24.63506176],"[[ 0  0  0 ... 49 49 49]
 [ 0  1  2 ... 47 48 49]]","[[510.2082908]
 [510.2082908]]",Tlp,0.1,minmax,10-100,0.75,5.0,,,
0.2,0.00048304686001596556,[24.41253463 24.63506176],"[[ 0  0  0 ... 49 49 49]
 [ 0  1  2 ... 47 48 49]]","[[510.2082908]
 [510.2082908]]",Tlp,0.1,zeroone,10-100,0.75,5.0,,,
0.2,0.00048304695620871187,[24.41253456 24.63506187],"[[ 0  0  0 ... 49 49 49]
 [ 0  1  2 ... 47 48 49]]","[[510.2082908]
 [510.2082908]]",Tlp,0.7,minmax,10-100,0.75,5.0,,,
0.2,0.00048304695620871187,[24.41253456 24.63506187],"[[ 0  0  0 ... 49 49 49]
 [ 0  1  2 ... 47 48 49]]","[[510.2082908]
 [510.2082908]]",Tlp,0.7,zeroone,10-100,0.75,5.0,,,
0.2,0.00046421310096353153,[24.43272955 24.60405074],"[[ 0  0  0 ... 49 49 49]
 [ 0  1  2 ... 47 48 49]]","[[510.2082908]
 [510.2082908]]",Tlp,0.001,minmax,10-100,1.0,5.0,,,
0.2,0.00046421310096353153,[24.43272955 24.60405074],"[[ 0  0  0 ... 49 49 49]
 [ 0  1  2 ... 47 48 49]]","[[510.2082908]
 [510.2082908]]",Tlp,0.001,zeroone,10-100,1.0,5.0,,,
0.2,0.00046421310539689325,[24.43272954 24.60405075],"[[ 0  0  0 ... 49 49 49]
 [ 0  1  2 ... 47 48 49]]","[[510.2082908]
 [510.2082908]]",Tlp,0.05,minmax,10-100,1.0,5.0,,,
0.2,0.00046421310539689325,[24.43272954 24.60405075],"[[ 0  0  0 ... 49 49 49]
 [ 0  1  2 ... 47 48 49]]","[[510.2082908]
 [510.2082908]]",Tlp,0.05,zeroone,10-100,1.0,5.0,,,
0.2,0.0004642131099207313,[24.43272954 24.60405075],"[[ 0  0  0 ... 49 49 49]
 [ 0  1  2 ... 47 48 49]]","[[510.2082908]
 [510.2082908]]",Tlp,0.1,minmax,10-100,1.0,5.0,,,
0.2,0.0004642131099207313,[24.43272954 24.60405075],"[[ 0  0  0 ... 49 49 49]
 [ 0  1  2 ... 47 48 49]]","[[510.2082908]
 [510.2082908]]",Tlp,0.1,zeroone,10-100,1.0,5.0,,,
0.2,0.00046421316420678965,[24.43272949 24.60405082],"[[ 0  0  0 ... 49 49 49]
 [ 0  1  2 ... 47 48 49]]","[[510.2082908]
 [510.2082908]]",Tlp,0.7,minmax,10-100,1.0,5.0,,,
0.2,0.00046421316420678965,[24.43272949 24.60405082],"[[ 0  0  0 ... 49 49 49]
 [ 0  1  2 ... 47 48 49]]","[[510.2082908]
 [510.2082908]]",Tlp,0.7,zeroone,10-100,1.0,5.0,,,
0.2,0.00041707293879049786,[24.48223569 24.52754141],"[[ 0  0  0 ... 49 49 49]
 [ 0  1  2 ... 47 48 49]]","[[510.2082908]
 [510.2082908]]",Tlp,0.001,minmax,10-100,4.0,5.0,,,
0.2,0.00041707293879049786,[24.48223569 24.52754141],"[[ 0  0  0 ... 49 49 49]
 [ 0  1  2 ... 47 48 49]]","[[510.2082908]
 [510.2082908]]",Tlp,0.001,zeroone,10-100,4.0,5.0,,,
0.2,0.00041707293906667527,[24.48223569 24.52754141],"[[ 0  0  0 ... 49 49 49]
 [ 0  1  2 ... 47 48 49]]","[[510.2082908]
 [510.2082908]]",Tlp,0.05,minmax,10-100,4.0,5.0,,,
0.2,0.00041707293906667527,[24.48223569 24.52754141],"[[ 0  0  0 ... 49 49 49]
 [ 0  1  2 ... 47 48 49]]","[[510.2082908]
 [510.2082908]]",Tlp,0.05,zeroone,10-100,4.0,5.0,,,
0.2,0.00041707293934848793,[24.48223569 24.52754141],"[[ 0  0  0 ... 49 49 49]
 [ 0  1  2 ... 47 48 49]]","[[510.2082908]
 [510.2082908]]",Tlp,0.1,minmax,10-100,4.0,5.0,,,
0.2,0.00041707293934848793,[24.48223569 24.52754141],"[[ 0  0  0 ... 49 49 49]
 [ 0  1  2 ... 47 48 49]]","[[510.2082908]
 [510.2082908]]",Tlp,0.1,zeroone,10-100,4.0,5.0,,,
0.2,0.00041707294273024515,[24.48223568 24.52754142],"[[ 0  0  0 ... 49 49 49]
 [ 0  1  2 ... 47 48 49]]","[[510.2082908]
 [510.2082908]]",Tlp,0.7,minmax,10-100,4.0,5.0,,,
0.2,0.00041707294273024515,[24.48223568 24.52754142],"[[ 0  0  0 ... 49 49 49]
 [ 0  1  2 ... 47 48 49]]","[[510.2082908]
 [510.2082908]]",Tlp,0.7,zeroone,10-100,4.0,5.0,,,
0.5,0.0006405026060345711,[23.95806489 25.20878604],"[[ 3  3  3 ... 45 45 45]
 [13 14 15 ... 39 40 41]]","[[359.77104564]
 [372.10864206]]",Tlp,0.1,minmax,10-100,0.05,5.0,,,
0.5,0.0005245056278482646,[24.35152607 24.71959873],"[[ 0  0  0 ... 49 49 49]
 [ 5  6  7 ... 42 43 44]]","[[494.41975144]
 [494.45610422]]",Tlp,0.001,minmax,10-100,0.4,5.0,,,
0.5,0.0005245056278482646,[24.35152607 24.71959873],"[[ 0  0  0 ... 49 49 49]
 [ 5  6  7 ... 42 43 44]]","[[494.41975144]
 [494.45610422]]",Tlp,0.001,zeroone,10-100,0.4,5.0,,,
0.5,0.0005245056357787216,[24.35152606 24.71959873],"[[ 0  0  0 ... 49 49 49]
 [ 5  6  7 ... 42 43 44]]","[[494.41975144]
 [494.45610422]]",Tlp,0.05,minmax,10-100,0.4,5.0,,,
0.5,0.0005245056357787216,[24.35152606 24.71959873],"[[ 0  0  0 ... 49 49 49]
 [ 5  6  7 ... 42 43 44]]","[[494.41975144]
 [494.45610422]]",Tlp,0.05,zeroone,10-100,0.4,5.0,,,
0.5,0.0005245056438710241,[24.35152606 24.71959873],"[[ 0  0  0 ... 49 49 49]
 [ 5  6  7 ... 42 43 44]]","[[494.41975144]
 [494.45610422]]",Tlp,0.1,minmax,10-100,0.4,5.0,,,
0.5,0.0005245056438710241,[24.35152606 24.71959873],"[[ 0  0  0 ... 49 49 49]
 [ 5  6  7 ... 42 43 44]]","[[494.41975144]
 [494.45610422]]",Tlp,0.1,zeroone,10-100,0.4,5.0,,,
0.5,0.0005245057409786855,[24.35152603 24.71959877],"[[ 0  0  0 ... 49 49 49]
 [ 5  6  7 ... 42 43 44]]","[[494.41975144]
 [494.45610422]]",Tlp,0.7,minmax,10-100,0.4,5.0,,,
0.5,0.0005245057409786855,[24.35152603 24.71959877],"[[ 0  0  0 ... 49 49 49]
 [ 5  6  7 ... 42 43 44]]","[[494.41975144]
 [494.45610422]]",Tlp,0.7,zeroone,10-100,0.4,5.0,,,
0.5,0.00047893918887178144,[24.44270937 24.58606445],"[[ 0  0  0 ... 49 49 49]
 [ 0  1  2 ... 47 48 49]]","[[510.2082908]
 [510.2082908]]",Tlp,0.001,minmax,10-100,0.75,5.0,,,
0.5,0.00047893918887178144,[24.44270937 24.58606445],"[[ 0  0  0 ... 49 49 49]
 [ 0  1  2 ... 47 48 49]]","[[510.2082908]
 [510.2082908]]",Tlp,0.001,zeroone,10-100,0.75,5.0,,,
0.5,0.0004789391914098815,[24.44270936 24.58606445],"[[ 0  0  0 ... 49 49 49]
 [ 0  1  2 ... 47 48 49]]","[[510.2082908]
 [510.2082908]]",Tlp,0.05,minmax,10-100,0.75,5.0,,,
0.5,0.0004789391914098815,[24.44270936 24.58606445],"[[ 0  0  0 ... 49 49 49]
 [ 0  1  2 ... 47 48 49]]","[[510.2082908]
 [510.2082908]]",Tlp,0.05,zeroone,10-100,0.75,5.0,,,
0.5,0.0004789391939997792,[24.44270936 24.58606445],"[[ 0  0  0 ... 49 49 49]
 [ 0  1  2 ... 47 48 49]]","[[510.2082908]
 [510.2082908]]",Tlp,0.1,minmax,10-100,0.75,5.0,,,
0.5,0.0004789391939997792,[24.44270936 24.58606445],"[[ 0  0  0 ... 49 49 49]
 [ 0  1  2 ... 47 48 49]]","[[510.2082908]
 [510.2082908]]",Tlp,0.1,zeroone,10-100,0.75,5.0,,,
0.5,0.00047893922507855736,[24.44270935 24.58606447],"[[ 0  0  0 ... 49 49 49]
 [ 0  1  2 ... 47 48 49]]","[[510.2082908]
 [510.2082908]]",Tlp,0.7,minmax,10-100,0.75,5.0,,,
0.5,0.00047893922507855736,[24.44270935 24.58606447],"[[ 0  0  0 ... 49 49 49]
 [ 0  1  2 ... 47 48 49]]","[[510.2082908]
 [510.2082908]]",Tlp,0.7,zeroone,10-100,0.75,5.0,,,
0.5,0.0004619215557876918,[24.45584693 24.56637486],"[[ 0  0  0 ... 49 49 49]
 [ 0  1  2 ... 47 48 49]]","[[510.2082908]
 [510.2082908]]",Tlp,0.001,minmax,10-100,1.0,5.0,,,
0.5,0.0004619215557876918,[24.45584693 24.56637486],"[[ 0  0  0 ... 49 49 49]
 [ 0  1  2 ... 47 48 49]]","[[510.2082908]
 [510.2082908]]",Tlp,0.001,zeroone,10-100,1.0,5.0,,,
0.5,0.0004619215572552484,[24.45584693 24.56637486],"[[ 0  0  0 ... 49 49 49]
 [ 0  1  2 ... 47 48 49]]","[[510.2082908]
 [510.2082908]]",Tlp,0.05,minmax,10-100,1.0,5.0,,,
0.5,0.0004619215572552484,[24.45584693 24.56637486],"[[ 0  0  0 ... 49 49 49]
 [ 0  1  2 ... 47 48 49]]","[[510.2082908]
 [510.2082908]]",Tlp,0.05,zeroone,10-100,1.0,5.0,,,
0.5,0.00046192155875275626,[24.45584693 24.56637486],"[[ 0  0  0 ... 49 49 49]
 [ 0  1  2 ... 47 48 49]]","[[510.2082908]
 [510.2082908]]",Tlp,0.1,minmax,10-100,1.0,5.0,,,
0.5,0.00046192155875275626,[24.45584693 24.56637486],"[[ 0  0  0 ... 49 49 49]
 [ 0  1  2 ... 47 48 49]]","[[510.2082908]
 [510.2082908]]",Tlp,0.1,zeroone,10-100,1.0,5.0,,,
0.5,0.0004619215767228442,[24.45584692 24.56637487],"[[ 0  0  0 ... 49 49 49]
 [ 0  1  2 ... 47 48 49]]","[[510.2082908]
 [510.2082908]]",Tlp,0.7,minmax,10-100,1.0,5.0,,,
0.5,0.0004619215767228442,[24.45584692 24.56637487],"[[ 0  0  0 ... 49 49 49]
 [ 0  1  2 ... 47 48 49]]","[[510.2082908]
 [510.2082908]]",Tlp,0.7,zeroone,10-100,1.0,5.0,,,
0.5,0.0004169250843630556,[24.48830781 24.51759396],"[[ 0  0  0 ... 49 49 49]
 [ 0  1  2 ... 47 48 49]]","[[510.2082908]
 [510.2082908]]",Tlp,0.001,minmax,10-100,4.0,5.0,,,
0.5,0.0004169250843630556,[24.48830781 24.51759396],"[[ 0  0  0 ... 49 49 49]
 [ 0  1  2 ... 47 48 49]]","[[510.2082908]
 [510.2082908]]",Tlp,0.001,zeroone,10-100,4.0,5.0,,,
0.5,0.0004169250844590331,[24.48830781 24.51759396],"[[ 0  0  0 ... 49 49 49]
 [ 0  1  2 ... 47 48 49]]","[[510.2082908]
 [510.2082908]]",Tlp,0.05,minmax,10-100,4.0,5.0,,,
0.5,0.0004169250844590331,[24.48830781 24.51759396],"[[ 0  0  0 ... 49 49 49]
 [ 0  1  2 ... 47 48 49]]","[[510.2082908]
 [510.2082908]]",Tlp,0.05,zeroone,10-100,4.0,5.0,,,
0.5,0.00041692508455696924,[24.48830781 24.51759396],"[[ 0  0  0 ... 49 49 49]
 [ 0  1  2 ... 47 48 49]]","[[510.2082908]
 [510.2082908]]",Tlp,0.1,minmax,10-100,4.0,5.0,,,
0.5,0.00041692508455696924,[24.48830781 24.51759396],"[[ 0  0  0 ... 49 49 49]
 [ 0  1  2 ... 47 48 49]]","[[510.2082908]
 [510.2082908]]",Tlp,0.1,zeroone,10-100,4.0,5.0,,,
0.5,0.00041692508573220455,[24.48830781 24.51759396],"[[ 0  0  0 ... 49 49 49]
 [ 0  1  2 ... 47 48 49]]","[[510.2082908]
 [510.2082908]]",Tlp,0.7,minmax,10-100,4.0,5.0,,,
0.5,0.00041692508573220455,[24.48830781 24.51759396],"[[ 0  0  0 ... 49 49 49]
 [ 0  1  2 ... 47 48 49]]","[[510.2082908]
 [510.2082908]]",Tlp,0.7,zeroone,10-100,4.0,5.0,,,
1,0.000510089321349435,[24.28481447 24.83725494],"[[ 0  0  0 ... 49 49 49]
 [ 6  7  8 ... 42 43 44]]","[[491.15314981]
 [490.87737642]]",Tlp,0.1,minmax,10-100,0.05,5.0,,,
1,0.0005182567290104453,[24.3884113  24.66047914],"[[ 0  0  0 ... 49 49 49]
 [ 4  5  6 ... 43 44 45]]","[[499.81595983]
 [499.80915631]]",Tlp,0.001,minmax,10-100,0.4,5.0,,,
1,0.0005182567290104453,[24.3884113  24.66047914],"[[ 0  0  0 ... 49 49 49]
 [ 4  5  6 ... 43 44 45]]","[[499.81595983]
 [499.80915631]]",Tlp,0.001,zeroone,10-100,0.4,5.0,,,
1,0.0005182567325065432,[24.3884113  24.66047914],"[[ 0  0  0 ... 49 49 49]
 [ 4  5  6 ... 43 44 45]]","[[499.81595983]
 [499.80915631]]",Tlp,0.05,minmax,10-100,0.4,5.0,,,
1,0.0005182567325065432,[24.3884113  24.66047914],"[[ 0  0  0 ... 49 49 49]
 [ 4  5  6 ... 43 44 45]]","[[499.81595983]
 [499.80915631]]",Tlp,0.05,zeroone,10-100,0.4,5.0,,,
1,0.0005182567360739896,[24.3884113  24.66047914],"[[ 0  0  0 ... 49 49 49]
 [ 4  5  6 ... 43 44 45]]","[[499.81595983]
 [499.80915631]]",Tlp,0.1,minmax,10-100,0.4,5.0,,,
1,0.0005182567360739896,[24.3884113  24.66047914],"[[ 0  0  0 ... 49 49 49]
 [ 4  5  6 ... 43 44 45]]","[[499.81595983]
 [499.80915631]]",Tlp,0.1,zeroone,10-100,0.4,5.0,,,
1,0.000518256778883351,[24.38841129 24.66047915],"[[ 0  0  0 ... 49 49 49]
 [ 4  5  6 ... 43 44 45]]","[[499.81595983]
 [499.80915631]]",Tlp,0.7,minmax,10-100,0.4,5.0,,,
1,0.000518256778883351,[24.38841129 24.66047915],"[[ 0  0  0 ... 49 49 49]
 [ 4  5  6 ... 43 44 45]]","[[499.81595983]
 [499.80915631]]",Tlp,0.7,zeroone,10-100,0.4,5.0,,,
1,0.00047715599808077725,[24.45419448 24.56088938],"[[ 0  0  0 ... 49 49 49]
 [ 0  1  2 ... 47 48 49]]","[[510.2082908]
 [510.2082908]]",Tlp,0.001,minmax,10-100,0.75,5.0,,,
1,0.00047715599808077725,[24.45419448 24.56088938],"[[ 0  0  0 ... 49 49 49]
 [ 0  1  2 ... 47 48 49]]","[[510.2082908]
 [510.2082908]]",Tlp,0.001,zeroone,10-100,0.75,5.0,,,
1,0.00047715599928844246,[24.45419448 24.56088939],"[[ 0  0  0 ... 49 49 49]
 [ 0  1  2 ... 47 48 49]]","[[510.2082908]
 [510.2082908]]",Tlp,0.05,minmax,10-100,0.75,5.0,,,
1,0.00047715599928844246,[24.45419448 24.56088939],"[[ 0  0  0 ... 49 49 49]
 [ 0  1  2 ... 47 48 49]]","[[510.2082908]
 [510.2082908]]",Tlp,0.05,zeroone,10-100,0.75,5.0,,,
1,0.00047715600052075386,[24.45419448 24.56088939],"[[ 0  0  0 ... 49 49 49]
 [ 0  1  2 ... 47 48 49]]","[[510.2082908]
 [510.2082908]]",Tlp,0.1,minmax,10-100,0.75,5.0,,,
1,0.00047715600052075386,[24.45419448 24.56088939],"[[ 0  0  0 ... 49 49 49]
 [ 0  1  2 ... 47 48 49]]","[[510.2082908]
 [510.2082908]]",Tlp,0.1,zeroone,10-100,0.75,5.0,,,
1,0.0004771560153084944,[24.45419448 24.56088939],"[[ 0  0  0 ... 49 49 49]
 [ 0  1  2 ... 47 48 49]]","[[510.2082908]
 [510.2082908]]",Tlp,0.7,minmax,10-100,0.75,5.0,,,
1,0.0004771560153084944,[24.45419448 24.56088939],"[[ 0  0  0 ... 49 49 49]
 [ 0  1  2 ... 47 48 49]]","[[510.2082908]
 [510.2082908]]",Tlp,0.7,zeroone,10-100,0.75,5.0,,,
1,0.00046092322387184794,[24.46464574 24.54700863],"[[ 0  0  0 ... 49 49 49]
 [ 0  1  2 ... 47 48 49]]","[[510.2082908]
 [510.2082908]]",Tlp,0.001,minmax,10-100,1.0,5.0,,,
1,0.00046092322387184794,[24.46464574 24.54700863],"[[ 0  0  0 ... 49 49 49]
 [ 0  1  2 ... 47 48 49]]","[[510.2082908]
 [510.2082908]]",Tlp,0.001,zeroone,10-100,1.0,5.0,,,
1,0.0004609232245848416,[24.46464574 24.54700863],"[[ 0  0  0 ... 49 49 49]
 [ 0  1  2 ... 47 48 49]]","[[510.2082908]
 [510.2082908]]",Tlp,0.05,minmax,10-100,1.0,5.0,,,
1,0.0004609232245848416,[24.46464574 24.54700863],"[[ 0  0  0 ... 49 49 49]
 [ 0  1  2 ... 47 48 49]]","[[510.2082908]
 [510.2082908]]",Tlp,0.05,zeroone,10-100,1.0,5.0,,,
1,0.0004609232253123862,[24.46464574 24.54700863],"[[ 0  0  0 ... 49 49 49]
 [ 0  1  2 ... 47 48 49]]","[[510.2082908]
 [510.2082908]]",Tlp,0.1,minmax,10-100,1.0,5.0,,,
1,0.0004609232253123862,[24.46464574 24.54700863],"[[ 0  0  0 ... 49 49 49]
 [ 0  1  2 ... 47 48 49]]","[[510.2082908]
 [510.2082908]]",Tlp,0.1,zeroone,10-100,1.0,5.0,,,
1,0.0004609232340429241,[24.46464574 24.54700864],"[[ 0  0  0 ... 49 49 49]
 [ 0  1  2 ... 47 48 49]]","[[510.2082908]
 [510.2082908]]",Tlp,0.7,minmax,10-100,1.0,5.0,,,
1,0.0004609232340429241,[24.46464574 24.54700864],"[[ 0  0  0 ... 49 49 49]
 [ 0  1  2 ... 47 48 49]]","[[510.2082908]
 [510.2082908]]",Tlp,0.7,zeroone,10-100,1.0,5.0,,,
1,0.0004168601455335648,[24.49061896 24.51247804],"[[ 0  0  0 ... 49 49 49]
 [ 0  1  2 ... 47 48 49]]","[[510.2082908]
 [510.2082908]]",Tlp,0.001,minmax,10-100,4.0,5.0,,,
1,0.0004168601455335648,[24.49061896 24.51247804],"[[ 0  0  0 ... 49 49 49]
 [ 0  1  2 ... 47 48 49]]","[[510.2082908]
 [510.2082908]]",Tlp,0.001,zeroone,10-100,4.0,5.0,,,
1,0.000416860145582221,[24.49061896 24.51247804],"[[ 0  0  0 ... 49 49 49]
 [ 0  1  2 ... 47 48 49]]","[[510.2082908]
 [510.2082908]]",Tlp,0.05,minmax,10-100,4.0,5.0,,,
1,0.000416860145582221,[24.49061896 24.51247804],"[[ 0  0  0 ... 49 49 49]
 [ 0  1  2 ... 47 48 49]]","[[510.2082908]
 [510.2082908]]",Tlp,0.05,zeroone,10-100,4.0,5.0,,,
1,0.00041686014563186975,[24.49061896 24.51247804],"[[ 0  0  0 ... 49 49 49]
 [ 0  1  2 ... 47 48 49]]","[[510.2082908]
 [510.2082908]]",Tlp,0.1,minmax,10-100,4.0,5.0,,,
1,0.00041686014563186975,[24.49061896 24.51247804],"[[ 0  0  0 ... 49 49 49]
 [ 0  1  2 ... 47 48 49]]","[[510.2082908]
 [510.2082908]]",Tlp,0.1,zeroone,10-100,4.0,5.0,,,
1,0.0004168601462276569,[24.49061896 24.51247805],"[[ 0  0  0 ... 49 49 49]
 [ 0  1  2 ... 47 48 49]]","[[510.2082908]
 [510.2082908]]",Tlp,0.7,minmax,10-100,4.0,5.0,,,
1,0.0004168601462276569,[24.49061896 24.51247805],"[[ 0  0  0 ... 49 49 49]
 [ 0  1  2 ... 47 48 49]]","[[510.2082908]
 [510.2082908]]",Tlp,0.7,zeroone,10-100,4.0,5.0,,,
0,0.000577767334950801,[24.01455424 25.24188119],"[[ 0  0  0 ... 49 49 49]
 [13 14 15 ... 33 34 35]]","[[436.27669867]
 [435.40038623]]",kbcm,,,,0.4,5.0,100.0,,
0,,,,,kbcm,,,,0.75,5.0,100.0,,
0,,,,,kbcm,,,,1.0,5.0,100.0,,
0,,,,,kbcm,,,,4.0,5.0,100.0,,
0.1,0.0005460650984258685,[24.23772738 24.94410861],"[[ 0  0  0 ... 49 49 49]
 [ 9 10 11 ... 39 40 41]]","[[474.98674379]
 [475.09988044]]",kbcm,,,,0.4,5.0,100.0,,
0.1,,,,,kbcm,,,,0.75,5.0,100.0,,
0.1,,,,,kbcm,,,,1.0,5.0,100.0,,
0.1,,,,,kbcm,,,,4.0,5.0,100.0,,
0.2,0.0005339973743828944,[24.30593756 24.81199658],"[[ 0  0  0 ... 49 49 49]
 [ 7  8  9 ... 41 42 43]]","[[486.84906132]
 [486.74277802]]",kbcm,,,,0.4,5.0,100.0,,
0.2,,,,,kbcm,,,,0.75,5.0,100.0,,
0.2,,,,,kbcm,,,,1.0,5.0,100.0,,
0.2,,,,,kbcm,,,,4.0,5.0,100.0,,
0.5,0.0005218837536817142,[24.36179605 24.69720244],"[[ 0  0  0 ... 49 49 49]
 [ 4  5  6 ... 43 44 45]]","[[498.81896826]
 [498.72495685]]",kbcm,,,,0.4,5.0,100.0,,
0.5,,,,,kbcm,,,,0.75,5.0,100.0,,
0.5,,,,,kbcm,,,,1.0,5.0,100.0,,
0.5,,,,,kbcm,,,,4.0,5.0,100.0,,
1,0.0005159728827870293,[24.40164336 24.62140509],"[[ 0  0  0 ... 49 49 49]
 [ 3  4  5 ... 44 45 46]]","[[502.42142473]
 [502.42142473]]",kbcm,,,,0.4,5.0,100.0,,
1,,,,,kbcm,,,,0.75,5.0,100.0,,
1,,,,,kbcm,,,,1.0,5.0,100.0,,
1,,,,,kbcm,,,,4.0,5.0,100.0,,
0,,,,,debiased_sinkhorn,,minmax,,,5.0,,0.1,100.0
0,,,,,debiased_sinkhorn,,minmax,,,5.0,,0.1,300.0
0,,,,,debiased_sinkhorn,,minmax,,,5.0,,0.1,500.0
0,,,,,debiased_sinkhorn,,minmax,,,5.0,,0.6,100.0
0,,,,,debiased_sinkhorn,,minmax,,,5.0,,0.6,300.0
0,,,,,debiased_sinkhorn,,minmax,,,5.0,,0.6,500.0
0.1,0.000937967453784585,[23.99917171 25.76607704],"[[15 15 16 16 16 16 16 16 17 17 17 17 17 17 17 17 17 17 18 18 18 18 18 18
  18 18 18 18 18 18 18 19 19 19 19 19 19 19 19 19 19 19 19 19 19 19 20 20
  20 20 20 20 20 20 20 20 20 20 20 20 20 20 21 21 21 21 21 21 21 21 21 21
  21 21 21 21 21 21 21 22 22 22 22 22 22 22 22 22 22 22 22 22 22 22 22 22
  22 23 23 23 23 23 23 23 23 23 23 23 23 23 23 23 23 23 24 24 24 24 24 24
  24 24 24 24 24 24 24 24 24 24 24 25 25 25 25 25 25 25 25 25 25 25 25 25
  25 25 25 25 26 26 26 26 26 26 26 26 26 26 26 26 26 26 26 26 27 27 27 27
  27 27 27 27 27 27 27 27 27 27 27 27 28 28 28 28 28 28 28 28 28 28 28 28
  28 28 28 29 29 29 29 29 29 29 29 29 29 29 29 29 29 30 30 30 30 30 30 30
  30 30 30 30 30 31 31 31 31 31 31 31 31 31 32 32 32 32 32 32 32 33 33 33
  33]
 [24 25 22 23 24 25 26 27 21 22 23 24 25 26 27 28 48 49 20 21 22 23 24 25
  26 27 28 29 47 48 49 19 20 21 22 23 24 25 26 27 28 29 30 47 48 49 19 20
  21 22 23 24 25 26 27 28 29 30 31 47 48 49 18 19 20 21 22 23 24 25 26 27
  28 29 30 31 47 48 49 18 19 20 21 22 23 24 25 26 27 28 29 30 31 32 47 48
  49 18 19 20 21 22 23 24 25 26 27 28 29 30 31 32 48 49 18 19 20 21 22 23
  24 25 26 27 28 29 30 31 32 48 49  0 18 19 20 21 22 23 24 25 26 27 28 29
  30 31 32 49  0 18 19 20 21 22 23 24 25 26 27 28 29 30 31 32  0  1 18 19
  20 21 22 23 24 25 26 27 28 29 30 31  0  1 19 20 21 22 23 24 25 26 27 28
  29 30 31  0  1 19 20 21 22 23 24 25 26 27 28 29 30  0 20 21 22 23 24 25
  26 27 28 29 30 21 22 23 24 25 26 27 28 29 22 23 24 25 26 27 28 23 24 25
  26]]","[[49.17805738]
 [99.82948117]]",debiased_sinkhorn,,minmax,,,5.0,,0.1,100.0
0.1,0.0013575630488783176,[23.97849993 24.93571019],"[[19 19 19 19 19 20 20 20 20 20 20 20 21 21 21 21 21 21 21 21 21 22 22 22
  22 22 22 22 22 22 23 23 23 23 23 23 23 23 23 23 23 24 24 24 24 24 24 24
  24 24 24 24 25 25 25 25 25 25 25 25 25 25 26 26 26 26 26 26 26 26 26 27
  27 27 27 27 27 27 27 27 28 28 28 28 28 28 28 29 29 29 29 29]
 [23 24 25 26 27 22 23 24 25 26 27 28 21 22 23 24 25 26 27 28 29 21 22 23
  24 25 26 27 28 29 20 21 22 23 24 25 26 27 28 29 30 20 21 22 23 24 25 26
  27 28 29 30 20 21 22 23 24 25 26 27 28 29 21 22 23 24 25 26 27 28 29 21
  22 23 24 25 26 27 28 29 22 23 24 25 26 27 28 23 24 25 26 27]]","[[19.09174076]
 [17.61715444]]",debiased_sinkhorn,,minmax,,,5.0,,0.1,300.0
0.1,0.0017019859124728957,[23.92665893 24.89805001],"[[19 20 20 20 20 20 21 21 21 21 21 21 21 22 22 22 22 22 22 22 22 23 23 23
  23 23 23 23 23 23 24 24 24 24 24 24 24 24 24 25 25 25 25 25 25 25 25 25
  26 26 26 26 26 26 26 26 27 27 27 27 27 27 27 28 28 28 28 28]
 [25 23 24 25 26 27 22 23 24 25 26 27 28 21 22 23 24 25 26 27 28 21 22 23
  24 25 26 27 28 29 21 22 23 24 25 26 27 28 29 21 22 23 24 25 26 27 28 29
  21 22 23 24 25 26 27 28 22 23 24 25 26 27 28 23 24 25 26 27]]","[[14.01128747]
 [13.09692375]]",debiased_sinkhorn,,minmax,,,5.0,,0.1,500.0
0.1,0.0004189223019479727,[24.48142264 24.54146726],"[[ 0  0  0 ... 49 49 49]
 [ 0  1  2 ... 47 48 49]]","[[510.2082908]
 [510.2082908]]",debiased_sinkhorn,,minmax,,,5.0,,0.6,100.0
0.1,0.0004195992275229742,[24.48162287 24.54145897],"[[ 0  0  0 ... 49 49 49]
 [ 0  1  2 ... 47 48 49]]","[[510.2082908]
 [510.2082908]]",debiased_sinkhorn,,minmax,,,5.0,,0.6,300.0
0.1,0.0004239170216627411,[24.48177067 24.54142746],"[[ 0  0  0 ... 49 49 49]
 [ 0  1  2 ... 47 48 49]]","[[510.2082908]
 [510.2082908]]",debiased_sinkhorn,,minmax,,,5.0,,0.6,500.0
0.2,0.0007699023266318066,[24.56639165 24.59068313],"[[ 0  0  0 ... 49 49 49]
 [14 15 16 ... 30 31 32]]","[[430.69105881]
 [409.91945147]]",debiased_sinkhorn,,minmax,,,5.0,,0.1,100.0
0.2,0.0010372073662394765,[24.16088036 24.67874449],"[[17 17 18 18 18 18 18 18 19 19 19 19 19 19 19 19 20 20 20 20 20 20 20 20
  20 20 21 21 21 21 21 21 21 21 21 21 21 22 22 22 22 22 22 22 22 22 22 22
  23 23 23 23 23 23 23 23 23 23 23 23 24 24 24 24 24 24 24 24 24 24 24 24
  25 25 25 25 25 25 25 25 25 25 25 25 26 26 26 26 26 26 26 26 26 26 26 26
  27 27 27 27 27 27 27 27 27 27 27 28 28 28 28 28 28 28 28 28 28 29 29 29
  29 29 29 29 29 30 30 30 30 30 30 30 31 31 31 31]
 [24 25 22 23 24 25 26 27 21 22 23 24 25 26 27 28 20 21 22 23 24 25 26 27
  28 29 20 21 22 23 24 25 26 27 28 29 30 20 21 22 23 24 25 26 27 28 29 30
  19 20 21 22 23 24 25 26 27 28 29 30 19 20 21 22 23 24 25 26 27 28 29 30
  19 20 21 22 23 24 25 26 27 28 29 30 19 20 21 22 23 24 25 26 27 28 29 30
  20 21 22 23 24 25 26 27 28 29 30 20 21 22 23 24 25 26 27 28 29 21 22 23
  24 25 26 27 28 22 23 24 25 26 27 28 23 24 25 26]]","[[29.93694354]
 [24.58717983]]",debiased_sinkhorn,,minmax,,,5.0,,0.1,300.0
0.2,0.0012505377380534134,[24.20600995 24.72812637],"[[19 19 19 19 19 20 20 20 20 20 20 20 21 21 21 21 21 21 21 21 21 22 22 22
  22 22 22 22 22 22 23 23 23 23 23 23 23 23 23 23 24 24 24 24 24 24 24 24
  24 24 25 25 25 25 25 25 25 25 25 25 26 26 26 26 26 26 26 26 26 26 27 27
  27 27 27 27 27 27 27 28 28 28 28 28 28 28 28 29 29 29 29 29 29 30 30]
 [23 24 25 26 27 22 23 24 25 26 27 28 21 22 23 24 25 26 27 28 29 21 22 23
  24 25 26 27 28 29 20 21 22 23 24 25 26 27 28 29 20 21 22 23 24 25 26 27
  28 29 20 21 22 23 24 25 26 27 28 29 20 21 22 23 24 25 26 27 28 29 21 22
  23 24 25 26 27 28 29 21 22 23 24 25 26 27 28 22 23 24 25 26 27 24 25]]","[[20.48696633]
 [17.51781049]]",debiased_sinkhorn,,minmax,,,5.0,,0.1,500.0
0.2,0.0004146471450483349,[24.48688138 24.53011997],"[[ 0  0  0 ... 49 49 49]
 [ 0  1  2 ... 47 48 49]]","[[510.2082908]
 [510.2082908]]",debiased_sinkhorn,,minmax,,,5.0,,0.6,100.0
0.2,0.0004137305834388229,[24.48702134 24.53015866],"[[ 0  0  0 ... 49 49 49]
 [ 0  1  2 ... 47 48 49]]","[[510.2082908]
 [510.2082908]]",debiased_sinkhorn,,minmax,,,5.0,,0.6,300.0
0.2,0.0004168136200371112,[24.48712298 24.530167  ],"[[ 0  0  0 ... 49 49 49]
 [ 0  1  2 ... 47 48 49]]","[[510.2082908]
 [510.2082908]]",debiased_sinkhorn,,minmax,,,5.0,,0.6,500.0
0.5,0.0005561637791615034,[24.49536553 24.51608694],"[[ 0  0  0 ... 49 49 49]
 [ 0  1  2 ... 47 48 49]]","[[510.2082908]
 [510.2082908]]",debiased_sinkhorn,,minmax,,,5.0,,0.1,100.0
0.5,0.0006499351682986252,[24.44153152 24.45660233],"[[ 0  0  0 ... 49 49 49]
 [ 0  1  2 ... 47 48 49]]","[[507.21237185]
 [505.06610905]]",debiased_sinkhorn,,minmax,,,5.0,,0.1,300.0
0.5,0.0007183575500989648,[24.43514054 24.41569525],"[[ 0  0  0 ... 49 49 49]
 [ 0  1  2 ... 45 46 47]]","[[478.7755815 ]
 [468.85015812]]",debiased_sinkhorn,,minmax,,,5.0,,0.1,500.0
0.5,0.00040872342894598436,[24.49501759 24.51556549],"[[ 0  0  0 ... 49 49 49]
 [ 0  1  2 ... 47 48 49]]","[[510.2082908]
 [510.2082908]]",debiased_sinkhorn,,minmax,,,5.0,,0.6,100.0
0.5,0.00040564940295214453,[24.49507433 24.5156531 ],"[[ 0  0  0 ... 49 49 49]
 [ 0  1  2 ... 47 48 49]]","[[510.2082908]
 [510.2082908]]",debiased_sinkhorn,,minmax,,,5.0,,0.6,300.0
0.5,0.00040636072087832153,[24.49509592 24.51568222],"[[ 0  0  0 ... 49 49 49]
 [ 0  1  2 ... 47 48 49]]","[[510.2082908]
 [510.2082908]]",debiased_sinkhorn,,minmax,,,5.0,,0.6,500.0
1,0.00045490028621655377,[24.49853351 24.50827208],"[[ 0  0  0 ... 49 49 49]
 [ 0  1  2 ... 47 48 49]]","[[510.2082908]
 [510.2082908]]",debiased_sinkhorn,,minmax,,,5.0,,0.1,100.0
1,0.00048187877526049104,[24.49853395 24.50802387],"[[ 0  0  0 ... 49 49 49]
 [ 0  1  2 ... 47 48 49]]","[[510.2082908]
 [510.2082908]]",debiased_sinkhorn,,minmax,,,5.0,,0.1,300.0
1,0.0004997098332575674,[24.49853219 24.50799141],"[[ 0  0  0 ... 49 49 49]
 [ 0  1  2 ... 47 48 49]]","[[510.2082908]
 [510.2082908]]",debiased_sinkhorn,,minmax,,,5.0,,0.1,500.0
1,0.0004054976545153488,[24.49845684 24.50783869],"[[ 0  0  0 ... 49 49 49]
 [ 0  1  2 ... 47 48 49]]","[[510.2082908]
 [510.2082908]]",debiased_sinkhorn,,minmax,,,5.0,,0.6,100.0
1,0.0004021458752931631,[24.49846893 24.50788636],"[[ 0  0  0 ... 49 49 49]
 [ 0  1  2 ... 47 48 49]]","[[510.2082908]
 [510.2082908]]",debiased_sinkhorn,,minmax,,,5.0,,0.6,300.0
1,0.0004021458752931631,[24.49846893 24.50788636],"[[ 0  0  0 ... 49 49 49]
 [ 0  1  2 ... 47 48 49]]","[[510.2082908]
 [510.2082908]]",debiased_sinkhorn,,minmax,,,5.0,,0.6,500.0
0,0.0028913552901211237,[24.5 24.5],"[[16 16 16 16 17 17 17 17 17 17 17 17 17 17 18 18 18 18 18 18 18 18 18 18
  18 18 19 19 19 19 19 19 19 19 19 19 19 19 19 19 20 20 20 20 20 20 20 20
  20 20 20 20 20 20 20 20 21 21 21 21 21 21 21 21 21 21 21 21 21 21 21 21
  22 22 22 22 22 22 22 22 22 22 22 22 22 22 22 22 23 23 23 23 23 23 23 23
  23 23 23 23 23 23 23 23 23 23 24 24 24 24 24 24 24 24 24 24 24 24 24 24
  24 24 24 24 25 25 25 25 25 25 25 25 25 25 25 25 25 25 25 25 25 25 26 26
  26 26 26 26 26 26 26 26 26 26 26 26 26 26 26 26 27 27 27 27 27 27 27 27
  27 27 27 27 27 27 27 27 28 28 28 28 28 28 28 28 28 28 28 28 28 28 28 28
  29 29 29 29 29 29 29 29 29 29 29 29 29 29 29 29 30 30 30 30 30 30 30 30
  30 30 30 30 30 30 31 31 31 31 31 31 31 31 31 31 31 31 32 32 32 32 32 32
  32 32 32 32 33 33 33 33]
 [23 24 25 26 20 21 22 23 24 25 26 27 28 29 19 20 21 22 23 24 25 26 27 28
  29 30 18 19 20 21 22 23 24 25 26 27 28 29 30 31 17 18 19 20 21 22 23 24
  25 26 27 28 29 30 31 32 17 18 19 20 21 22 23 24 25 26 27 28 29 30 31 32
  17 18 19 20 21 22 23 24 25 26 27 28 29 30 31 32 16 17 18 19 20 21 22 23
  24 25 26 27 28 29 30 31 32 33 16 17 18 19 20 21 22 23 24 25 26 27 28 29
  30 31 32 33 16 17 18 19 20 21 22 23 24 25 26 27 28 29 30 31 32 33 16 17
  18 19 20 21 22 23 24 25 26 27 28 29 30 31 32 33 17 18 19 20 21 22 23 24
  25 26 27 28 29 30 31 32 17 18 19 20 21 22 23 24 25 26 27 28 29 30 31 32
  17 18 19 20 21 22 23 24 25 26 27 28 29 30 31 32 18 19 20 21 22 23 24 25
  26 27 28 29 30 31 19 20 21 22 23 24 25 26 27 28 29 30 20 21 22 23 24 25
  26 27 28 29 23 24 25 26]]","[[49.46716082]
 [49.46716082]]",entropic_regularized,,,,0.075,,,,
0,0.0028913552901211237,[24.5 24.5],"[[16 16 16 16 17 17 17 17 17 17 17 17 17 17 18 18 18 18 18 18 18 18 18 18
  18 18 19 19 19 19 19 19 19 19 19 19 19 19 19 19 20 20 20 20 20 20 20 20
  20 20 20 20 20 20 20 20 21 21 21 21 21 21 21 21 21 21 21 21 21 21 21 21
  22 22 22 22 22 22 22 22 22 22 22 22 22 22 22 22 23 23 23 23 23 23 23 23
  23 23 23 23 23 23 23 23 23 23 24 24 24 24 24 24 24 24 24 24 24 24 24 24
  24 24 24 24 25 25 25 25 25 25 25 25 25 25 25 25 25 25 25 25 25 25 26 26
  26 26 26 26 26 26 26 26 26 26 26 26 26 26 26 26 27 27 27 27 27 27 27 27
  27 27 27 27 27 27 27 27 28 28 28 28 28 28 28 28 28 28 28 28 28 28 28 28
  29 29 29 29 29 29 29 29 29 29 29 29 29 29 29 29 30 30 30 30 30 30 30 30
  30 30 30 30 30 30 31 31 31 31 31 31 31 31 31 31 31 31 32 32 32 32 32 32
  32 32 32 32 33 33 33 33]
 [23 24 25 26 20 21 22 23 24 25 26 27 28 29 19 20 21 22 23 24 25 26 27 28
  29 30 18 19 20 21 22 23 24 25 26 27 28 29 30 31 17 18 19 20 21 22 23 24
  25 26 27 28 29 30 31 32 17 18 19 20 21 22 23 24 25 26 27 28 29 30 31 32
  17 18 19 20 21 22 23 24 25 26 27 28 29 30 31 32 16 17 18 19 20 21 22 23
  24 25 26 27 28 29 30 31 32 33 16 17 18 19 20 21 22 23 24 25 26 27 28 29
  30 31 32 33 16 17 18 19 20 21 22 23 24 25 26 27 28 29 30 31 32 33 16 17
  18 19 20 21 22 23 24 25 26 27 28 29 30 31 32 33 17 18 19 20 21 22 23 24
  25 26 27 28 29 30 31 32 17 18 19 20 21 22 23 24 25 26 27 28 29 30 31 32
  17 18 19 20 21 22 23 24 25 26 27 28 29 30 31 32 18 19 20 21 22 23 24 25
  26 27 28 29 30 31 19 20 21 22 23 24 25 26 27 28 29 30 20 21 22 23 24 25
  26 27 28 29 23 24 25 26]]","[[49.46716082]
 [49.46716082]]",entropic_regularized,,,,0.4,,,,
0,0.0028913552901211237,[24.5 24.5],"[[16 16 16 16 17 17 17 17 17 17 17 17 17 17 18 18 18 18 18 18 18 18 18 18
  18 18 19 19 19 19 19 19 19 19 19 19 19 19 19 19 20 20 20 20 20 20 20 20
  20 20 20 20 20 20 20 20 21 21 21 21 21 21 21 21 21 21 21 21 21 21 21 21
  22 22 22 22 22 22 22 22 22 22 22 22 22 22 22 22 23 23 23 23 23 23 23 23
  23 23 23 23 23 23 23 23 23 23 24 24 24 24 24 24 24 24 24 24 24 24 24 24
  24 24 24 24 25 25 25 25 25 25 25 25 25 25 25 25 25 25 25 25 25 25 26 26
  26 26 26 26 26 26 26 26 26 26 26 26 26 26 26 26 27 27 27 27 27 27 27 27
  27 27 27 27 27 27 27 27 28 28 28 28 28 28 28 28 28 28 28 28 28 28 28 28
  29 29 29 29 29 29 29 29 29 29 29 29 29 29 29 29 30 30 30 30 30 30 30 30
  30 30 30 30 30 30 31 31 31 31 31 31 31 31 31 31 31 31 32 32 32 32 32 32
  32 32 32 32 33 33 33 33]
 [23 24 25 26 20 21 22 23 24 25 26 27 28 29 19 20 21 22 23 24 25 26 27 28
  29 30 18 19 20 21 22 23 24 25 26 27 28 29 30 31 17 18 19 20 21 22 23 24
  25 26 27 28 29 30 31 32 17 18 19 20 21 22 23 24 25 26 27 28 29 30 31 32
  17 18 19 20 21 22 23 24 25 26 27 28 29 30 31 32 16 17 18 19 20 21 22 23
  24 25 26 27 28 29 30 31 32 33 16 17 18 19 20 21 22 23 24 25 26 27 28 29
  30 31 32 33 16 17 18 19 20 21 22 23 24 25 26 27 28 29 30 31 32 33 16 17
  18 19 20 21 22 23 24 25 26 27 28 29 30 31 32 33 17 18 19 20 21 22 23 24
  25 26 27 28 29 30 31 32 17 18 19 20 21 22 23 24 25 26 27 28 29 30 31 32
  17 18 19 20 21 22 23 24 25 26 27 28 29 30 31 32 18 19 20 21 22 23 24 25
  26 27 28 29 30 31 19 20 21 22 23 24 25 26 27 28 29 30 20 21 22 23 24 25
  26 27 28 29 23 24 25 26]]","[[49.46716082]
 [49.46716082]]",entropic_regularized,,,,1.0,,,,
0,0.0028913552901211237,[24.5 24.5],"[[16 16 16 16 17 17 17 17 17 17 17 17 17 17 18 18 18 18 18 18 18 18 18 18
  18 18 19 19 19 19 19 19 19 19 19 19 19 19 19 19 20 20 20 20 20 20 20 20
  20 20 20 20 20 20 20 20 21 21 21 21 21 21 21 21 21 21 21 21 21 21 21 21
  22 22 22 22 22 22 22 22 22 22 22 22 22 22 22 22 23 23 23 23 23 23 23 23
  23 23 23 23 23 23 23 23 23 23 24 24 24 24 24 24 24 24 24 24 24 24 24 24
  24 24 24 24 25 25 25 25 25 25 25 25 25 25 25 25 25 25 25 25 25 25 26 26
  26 26 26 26 26 26 26 26 26 26 26 26 26 26 26 26 27 27 27 27 27 27 27 27
  27 27 27 27 27 27 27 27 28 28 28 28 28 28 28 28 28 28 28 28 28 28 28 28
  29 29 29 29 29 29 29 29 29 29 29 29 29 29 29 29 30 30 30 30 30 30 30 30
  30 30 30 30 30 30 31 31 31 31 31 31 31 31 31 31 31 31 32 32 32 32 32 32
  32 32 32 32 33 33 33 33]
 [23 24 25 26 20 21 22 23 24 25 26 27 28 29 19 20 21 22 23 24 25 26 27 28
  29 30 18 19 20 21 22 23 24 25 26 27 28 29 30 31 17 18 19 20 21 22 23 24
  25 26 27 28 29 30 31 32 17 18 19 20 21 22 23 24 25 26 27 28 29 30 31 32
  17 18 19 20 21 22 23 24 25 26 27 28 29 30 31 32 16 17 18 19 20 21 22 23
  24 25 26 27 28 29 30 31 32 33 16 17 18 19 20 21 22 23 24 25 26 27 28 29
  30 31 32 33 16 17 18 19 20 21 22 23 24 25 26 27 28 29 30 31 32 33 16 17
  18 19 20 21 22 23 24 25 26 27 28 29 30 31 32 33 17 18 19 20 21 22 23 24
  25 26 27 28 29 30 31 32 17 18 19 20 21 22 23 24 25 26 27 28 29 30 31 32
  17 18 19 20 21 22 23 24 25 26 27 28 29 30 31 32 18 19 20 21 22 23 24 25
  26 27 28 29 30 31 19 20 21 22 23 24 25 26 27 28 29 30 20 21 22 23 24 25
  26 27 28 29 23 24 25 26]]","[[49.46716082]
 [49.46716082]]",entropic_regularized,,,,4.0,,,,
0.1,0.14288002883621673,[22.71144658 25.21236201],"[[22 22 23 24]
 [25 26 25 25]]","[[1.17260394]
 [0.61237244]]",entropic_regularized,,,,0.075,,,,
0.1,0.14288002883621673,[22.71144658 25.21236201],"[[22 22 23 24]
 [25 26 25 25]]","[[1.17260394]
 [0.61237244]]",entropic_regularized,,,,0.4,,,,
0.1,0.14288002883621673,[22.71144658 25.21236201],"[[22 22 23 24]
 [25 26 25 25]]","[[1.17260394]
 [0.61237244]]",entropic_regularized,,,,1.0,,,,
0.1,0.14288002883621673,[22.71144658 25.21236201],"[[22 22 23 24]
 [25 26 25 25]]","[[1.17260394]
 [0.61237244]]",entropic_regularized,,,,4.0,,,,
0.2,0.12667516919833685,[21.26225039 24.5238711 ],"[[20 21 21 22 22]
 [24 24 25 24 25]]","[[1.18321596]
 [0.77459667]]",entropic_regularized,,,,0.075,,,,
0.2,0.12667516919833685,[21.26225039 24.5238711 ],"[[20 21 21 22 22]
 [24 24 25 24 25]]","[[1.18321596]
 [0.77459667]]",entropic_regularized,,,,0.4,,,,
0.2,0.12667516919833685,[21.26225039 24.5238711 ],"[[20 21 21 22 22]
 [24 24 25 24 25]]","[[1.18321596]
 [0.77459667]]",entropic_regularized,,,,1.0,,,,
0.2,0.12667516919833685,[21.26225039 24.5238711 ],"[[20 21 21 22 22]
 [24 24 25 24 25]]","[[1.18321596]
 [0.77459667]]",entropic_regularized,,,,4.0,,,,
0.5,0.0658141303168682,[21.95748085 27.54464782],"[[21 22 22 22 23]
 [28 27 28 29 26]]","[[1.        ]
 [1.61245155]]",entropic_regularized,,,,0.075,,,,
0.5,0.0658141303168682,[21.95748085 27.54464782],"[[21 22 22 22 23]
 [28 27 28 29 26]]","[[1.        ]
 [1.61245155]]",entropic_regularized,,,,0.4,,,,
0.5,0.0658141303168682,[21.95748085 27.54464782],"[[21 22 22 22 23]
 [28 27 28 29 26]]","[[1.        ]
 [1.61245155]]",entropic_regularized,,,,1.0,,,,
0.5,0.0658141303168682,[21.95748085 27.54464782],"[[21 22 22 22 23]
 [28 27 28 29 26]]","[[1.        ]
 [1.61245155]]",entropic_regularized,,,,4.0,,,,
1,0.11531104917122037,[22.30572002 29.00182955],"[[21 22 22 22 23 23 23]
 [29 28 29 30 28 29 30]]","[[1.30930734]
 [1.41421356]]",entropic_regularized,,,,0.075,,,,
1,0.11531104917122037,[22.30572002 29.00182955],"[[21 22 22 22 23 23 23]
 [29 28 29 30 28 29 30]]","[[1.30930734]
 [1.41421356]]",entropic_regularized,,,,0.4,,,,
1,0.11531104917122037,[22.30572002 29.00182955],"[[21 22 22 22 23 23 23]
 [29 28 29 30 28 29 30]]","[[1.30930734]
 [1.41421356]]",entropic_regularized,,,,1.0,,,,
1,0.11531104917122037,[22.30572002 29.00182955],"[[21 22 22 22 23 23 23]
 [29 28 29 30 28 29 30]]","[[1.30930734]
 [1.41421356]]",entropic_regularized,,,,4.0,,,,
